1,1,trip_001_068d5515.jpg,1
2,1,trip_001_6c599d5a.jpg,2
3,1,trip_001_92dd5569.jpg,3
4,1,trip_001_97d97cec.jpg,4
5,1,trip_001_a8b63c91.jpg,5
6,1,trip_001_e889f7ed.jpg,6
7,2,trip_002_6e84b5f8.jpg,1
8,2,trip_002_7cfffeeb.jpg,2
9,2,trip_002_8e976738.jpg,3
10,3,trip_003_2afa5b8a.jpg,1
11,3,trip_003_2caaccab.jpg,2
12,3,trip_003_5402a3b3.jpg,3
13,3,trip_003_5c0ab362.jpg,4
14,3,trip_003_64b6efc3.jpg,5
15,3,trip_003_8564842f.jpg,6
16,3,trip_003_89f742bf.jpg,7
17,3,trip_003_8abecfb6.jpg,8
18,3,trip_003_b0047cb1.jpg,9
19,3,trip_003_d1bb6153.jpg,10
20,4,trip_004_519b7db0.png,1
21,4,trip_004_9bce2b93.jpg,2
22,4,trip_004_a4700520.png,3
23,4,trip_004_aa37850c.jpg,4
24,4,trip_004_afd966e1.png,5
25,4,trip_004_b219d4b4.png,6
26,4,trip_004_cc81d754.jpg,7
27,5,trip_005_743ce1e8.jpg,1
28,5,trip_005_b92422cd.jpg,2
29,5,trip_005_e4246c7e.jpg,3
30,5,trip_005_f88d26a5.jpg,4
31,6,trip_006_163a5065.jpg,1
32,6,trip_006_1a8d2cf0.jpg,2
33,6,trip_006_3dab22fb.jpg,3
34,6,trip_006_50a5de43.jpg,4
35,6,trip_006_59d43768.jpg,5
36,6,trip_006_72abeb02.jpg,6
37,6,trip_006_b1b6c45b.jpg,7
38,6,trip_006_bccc4c12.jpg,8
39,6,trip_006_d2188e11.jpg,9
40,6,trip_006_e5aa9608.jpg,10
41,7,trip_007_06fa62be.jpg,1
42,7,trip_007_12820af4.png,2
43,7,trip_007_37a1f66c.jpg,3
44,7,trip_007_a837cd44.jpg,4
45,7,trip_007_ca3f8a7e.jpg,5
46,7,trip_007_dcb73ac5.jpg,6
47,7,trip_007_e30bda21.jpg,7
48,8,trip_008_1f54ad94.png,1
49,8,trip_008_70d9ceac.png,2
50,8,trip_008_75661716.png,3
51,8,trip_008_89290c9c.jpg,4
52,8,trip_008_b5a8724c.jpg,5
53,9,trip_009_2fddd6e8.png,1
54,9,trip_009_4d2ef277.jpg,2
55,9,trip_009_e0d3840e.jpg,3
56,9,trip_009_f7df056a.jpg,4
57,10,trip_010_2afe07c9.jpg,1
58,10,trip_010_476410ca.jpg,2
59,10,trip_010_56ad57bf.jpg,3
60,10,trip_010_79798a07.jpg,4
61,10,trip_010_962935bc.png,5
62,11,trip_011_16428094.jpg,1
63,11,trip_011_1da46127.jpg,2
64,11,trip_011_2f304c56.jpg,3
65,11,trip_011_4d6043e1.jpg,4
66,11,trip_011_bc8da865.jpg,5
67,12,trip_012_2f8e306c.jpg,1
68,12,trip_012_3dcd5007.jpg,2
69,12,trip_012_45fc3422.jpg,3
70,12,trip_012_4c5685dd.jpg,4
71,12,trip_012_7314a524.jpg,5
72,12,trip_012_7963da91.jpg,6
73,12,trip_012_8305dcf6.jpg,7
74,12,trip_012_b2af3ae5.jpg,8
75,12,trip_012_de81040d.jpg,9
76,13,trip_013_08ad80f2.png,1
77,13,trip_013_2b006faa.jpg,2
78,13,trip_013_2eee703d.jpg,3
79,13,trip_013_340d70c2.jpg,4
80,13,trip_013_4877e3e7.jpg,5
81,13,trip_013_60ca0ee0.jpg,6
82,13,trip_013_e5ede100.jpg,7
83,13,trip_013_ea86e0d6.jpg,8
84,13,trip_013_f9ed0d24.png,9
85,14,trip_014_3c551046.jpg,1
86,14,trip_014_400655b5.jpg,2
87,14,trip_014_b07b1ff7.png,3
88,14,trip_014_f8682f3c.jpg,4
89,15,trip_015_4a5b552b.jpg,1
90,15,trip_015_85f8ebae.jpg,2
91,15,trip_015_8ef2ada7.jpg,3
92,15,trip_015_ad6b17db.jpg,4
93,15,trip_015_bd4c98b9.jpg,5
94,16,trip_016_e4c4b502.jpg,1
95,17,trip_017_0ac12518.jpg,1
96,17,trip_017_3be38112.jpg,2
97,17,trip_017_83a5d243.jpg,3
98,17,trip_017_b49275f8.jpg,4
99,17,trip_017_cd91217d.jpg,5
100,17,trip_017_e3ca0400.jpg,6
101,18,trip_018_2f938c10.jpg,1
102,18,trip_018_636b6777.jpg,2
103,18,trip_018_7d0a8d7a.jpg,3
104,18,trip_018_893556f7.jpg,4
105,19,trip_019_308d4677.jpg,1
106,19,trip_019_af6ef8bb.jpg,2
107,19,trip_019_bbe6928e.jpg,3
108,19,trip_019_c4cf6c4f.jpg,4
109,19,trip_019_ee405ee7.jpg,5
110,20,trip_020_0304d71b.jpg,1
111,20,trip_020_03742524.jpg,2
112,20,trip_020_04f71691.jpg,3
113,20,trip_020_4dfbe6f6.jpg,4
114,20,trip_020_746b41e7.png,5
115,20,trip_020_77260de3.jpg,6
116,20,trip_020_b5268be5.png,7
117,20,trip_020_d8789525.png,8
118,20,trip_020_e4b54b70.jpg,9
119,20,trip_020_f258a84a.jpg,10
120,21,trip_021_39007be4.jpg,1
121,21,trip_021_456d1e62.jpg,2
122,21,trip_021_94127402.jpg,3
123,21,trip_021_b7be6498.jpg,4
124,21,trip_021_c02acdf1.jpg,5
125,22,trip_022_0fa56b5e.jpg,1
126,22,trip_022_4d9e88e6.jpg,2
127,22,trip_022_7d4efae8.png,3
128,22,trip_022_d985cf9f.jpg,4
129,22,trip_022_f0ae8d7c.jpg,5
130,22,trip_022_f7fb58df.jpg,6
131,23,trip_023_0ca47861.jpg,1
132,23,trip_023_235edd2d.jpg,2
133,23,trip_023_3cdf1e32.jpg,3
134,23,trip_023_71a6fb60.jpg,4
135,23,trip_023_bdabdf3a.jpg,5
136,23,trip_023_d2b72ac5.jpg,6
137,25,trip_025_02c61026.jpg,1
138,25,trip_025_06aa39b5.jpg,2
139,25,trip_025_105254e2.jpg,3
140,25,trip_025_3a3fc1f1.jpg,4
141,25,trip_025_70e56797.jpg,5
142,25,trip_025_a98bd4f2.jpg,6
143,26,trip_026_337a69b5.jpg,1
144,26,trip_026_683b98b8.jpg,2
145,26,trip_026_937b9cc6.jpg,3
146,26,trip_026_945e9c3f.jpg,4
147,26,trip_026_9c7c7e9e.jpg,5
148,26,trip_026_a4464c8d.jpg,6
149,26,trip_026_a47d5d10.jpg,7
150,26,trip_026_c514d960.jpg,8
151,26,trip_026_fee60831.jpg,9
152,27,trip_027_012b13ae.jpg,1
153,27,trip_027_172b81d4.jpg,2
154,27,trip_027_4c3fbf2a.jpg,3
155,27,trip_027_655c44a4.jpg,4
156,27,trip_027_9bf93e37.jpg,5
157,27,trip_027_9c7969d7.jpg,6
158,27,trip_027_c38df948.jpg,7
159,27,trip_027_f99eb5b9.jpg,8
160,29,trip_029_28c948fb.jpg,1
161,29,trip_029_2c59f524.jpg,2
162,29,trip_029_35e64441.jpg,3
163,29,trip_029_39f92e7f.jpg,4
164,29,trip_029_5005d05c.jpg,5
165,29,trip_029_67d902f7.jpg,6
166,29,trip_029_6f8ca7c4.jpg,7
167,29,trip_029_87291dd5.jpg,8
168,29,trip_029_cc484dcb.jpg,9
169,29,trip_029_d692f53f.jpg,10
170,30,trip_030_045cf32f.jpg,1
171,30,trip_030_73a6c01f.jpg,2
172,31,trip_031_18341eed.jpg,1
173,31,trip_031_252ca9e8.jpg,2
174,31,trip_031_33ea8a92.jpg,3
175,31,trip_031_3605fd25.jpg,4
176,31,trip_031_3d30dd2f.jpg,5
177,31,trip_031_450afff3.jpg,6
178,31,trip_031_48371e8c.jpg,7
179,31,trip_031_c63acfc8.jpg,8
180,31,trip_031_cb18b7d4.jpg,9
181,31,trip_031_e8610f3a.jpg,10
182,32,trip_032_10952a71.jpg,1
183,32,trip_032_1b662a7c.png,2
184,32,trip_032_39bfb841.jpg,3
185,32,trip_032_58dcf0b7.jpg,4
186,32,trip_032_5d917761.png,5
187,32,trip_032_736855f6.jpg,6
188,32,trip_032_7b4642c7.jpg,7
189,32,trip_032_805e3201.jpg,8
190,32,trip_032_9b0cc357.jpg,9
191,32,trip_032_c038ae0d.jpg,10
192,32,trip_032_d8224a1b.png,11
193,32,trip_032_da9f998b.jpg,12
194,32,trip_032_fd479f5f.jpg,13
195,33,trip_033_092eb3c8.jpg,1
196,33,trip_033_15753b86.jpg,2
197,33,trip_033_224a54ef.jpg,3
198,33,trip_033_552f2e02.jpg,4
199,33,trip_033_6609bcf6.jpg,5
200,33,trip_033_9fe4ca9c.jpg,6
201,33,trip_033_ad9a24d2.jpg,7
202,33,trip_033_bdf24016.jpg,8
203,33,trip_033_ecf46067.jpg,9
204,34,trip_034_1018ebc8.jpg,1
205,34,trip_034_228221e2.jpg,2
206,34,trip_034_234f62a4.jpg,3
207,34,trip_034_24fad3fa.jpg,4
208,34,trip_034_c03f9363.jpg,5
209,34,trip_034_d6683fea.jpg,6
210,34,trip_034_fd0bb00c.jpg,7
211,35,trip_035_0ae86468.png,1
212,35,trip_035_0ffc0c8e.png,2
213,35,trip_035_191febfd.png,3
214,35,trip_035_30417d85.png,4
215,35,trip_035_787f7e94.png,5
216,35,trip_035_826ee5b7.jpg,6
217,35,trip_035_a5a520ff.jpg,7
218,36,trip_036_3d20a3f3.jpg,1
219,36,trip_036_5da0cd5e.jpg,2
220,36,trip_036_5dd213e9.jpg,3
221,36,trip_036_6063a37e.jpg,4
222,36,trip_036_d0420f27.jpg,5
223,36,trip_036_d4912c09.jpg,6
224,37,trip_037_018784f3.jpg,1
225,37,trip_037_1a6ba172.jpg,2
226,37,trip_037_7a756669.jpg,3
227,37,trip_037_89c5e7e8.jpg,4
228,37,trip_037_93db2e30.jpg,5
229,37,trip_037_a4eae8a0.jpg,6
230,37,trip_037_a9bfb2f7.jpg,7
231,37,trip_037_c570da25.jpg,8
232,37,trip_037_ca2975f9.jpg,9
233,37,trip_037_ddf95dc3.jpg,10
234,38,trip_038_35d9e742.jpg,1
235,38,trip_038_4536a650.jpg,2
236,38,trip_038_8ef5ac4d.jpg,3
237,39,trip_039_0706055e.jpg,1
238,39,trip_039_0fb263c0.jpg,2
239,39,trip_039_449ec420.jpg,3
240,39,trip_039_69a2fe17.jpg,4
241,39,trip_039_ab8641e5.jpg,5
242,39,trip_039_dba65fc0.jpg,6
243,40,trip_040_51dee6e3.jpg,1
244,40,trip_040_6838634f.jpg,2
245,40,trip_040_8753dadf.jpg,3
246,40,trip_040_942b3b2f.jpg,4
247,40,trip_040_a15e450a.jpg,5
248,41,trip_041_0d1f8fb2.jpg,1
249,41,trip_041_583b6c63.jpg,2
250,41,trip_041_5ca6b18e.jpg,3
251,41,trip_041_85072387.jpg,4
252,41,trip_041_8a7993d6.jpg,5
253,41,trip_041_ba2d6cfe.jpg,6
254,41,trip_041_c05e7636.jpg,7
255,41,trip_041_fbc34a75.jpg,8
256,42,trip_042_2076b0ba.png,1
257,42,trip_042_301f19fb.png,2
258,42,trip_042_3af6a43c.png,3
259,42,trip_042_3e6b8cce.png,4
260,42,trip_042_4f39d5a1.png,5
261,42,trip_042_5cb1572e.jpg,6
262,42,trip_042_74f1c1fe.png,7
263,42,trip_042_cab7c15f.png,8
264,43,trip_043_12e77acb.jpg,1
265,43,trip_043_33451dc9.jpg,2
266,43,trip_043_39923ef5.jpg,3
267,43,trip_043_46a1e6db.jpg,4
268,43,trip_043_531f06b1.jpg,5
269,43,trip_043_8659f281.jpg,6
270,44,trip_044_004705dd.png,1
271,44,trip_044_0225b6b2.png,2
272,44,trip_044_43c943e0.jpg,3
273,44,trip_044_f3d54237.png,4
274,45,trip_045_6c30c1cf.jpg,1
275,45,trip_045_6fe11d96.jpg,2
276,45,trip_045_71f9be34.jpg,3
277,45,trip_045_72fe8e93.jpg,4
278,45,trip_045_8bf999c1.jpg,5
279,45,trip_045_962772a6.jpg,6
280,45,trip_045_98d4ade9.jpg,7
281,45,trip_045_c0a700d8.jpg,8
282,45,trip_045_da34bc70.jpg,9
283,45,trip_045_f695a672.jpg,10
284,46,trip_046_7937c94d.jpg,1
285,46,trip_046_9d7c8a6d.jpg,2
286,46,trip_046_a5f87883.jpg,3
287,46,trip_046_ace25820.png,4
288,46,trip_046_b41dd544.png,5
289,46,trip_046_d582e81f.png,6
290,46,trip_046_dccf60aa.jpg,7
291,47,trip_047_09b87c5a.jpg,1
292,47,trip_047_50b4a1ad.jpg,2
293,47,trip_047_5c5343e7.jpg,3
294,47,trip_047_68ba79d7.jpg,4
295,47,trip_047_7c6294b1.jpg,5
296,47,trip_047_892eecb9.jpg,6
297,47,trip_047_9494c658.jpg,7
298,47,trip_047_da8266f0.jpg,8
299,47,trip_047_f9c52d3b.jpg,9
300,48,trip_048_1a7341fd.png,1
301,48,trip_048_3da96f80.png,2
302,48,trip_048_4ae9a2e0.png,3
303,48,trip_048_7e003718.png,4
304,48,trip_048_90dcfef7.png,5
305,48,trip_048_ce83c00f.png,6
306,48,trip_048_dc7c4ae1.png,7
307,48,trip_048_ea2d3861.png,8
308,48,trip_048_ece3996b.png,9
309,50,trip_050_1814dd5c.jpg,1
310,50,trip_050_3e2411ce.jpg,2
311,50,trip_050_6b68af72.jpg,3
312,50,trip_050_71b8b979.jpg,4
313,50,trip_050_779545b7.jpg,5
314,50,trip_050_ccef7125.jpg,6
315,50,trip_050_cea50a62.jpg,7
316,50,trip_050_f75776e0.jpg,8
317,51,trip_051_5098def7.jpg,1
318,51,trip_051_816a3e6c.jpg,2
319,51,trip_051_918fc75c.jpg,3
320,51,trip_051_95bcf783.jpg,4
321,51,trip_051_aa2146c0.jpg,5
322,51,trip_051_bf480b2c.jpg,6
323,52,trip_052_2117da05.png,1
324,52,trip_052_3c139115.png,2
325,52,trip_052_bbb6ffdf.png,3
326,52,trip_052_da2cd805.png,4
327,52,trip_052_e0c9e194.png,5
328,52,trip_052_e8c1a253.png,6
329,53,trip_053_08d7bfa9.jpg,1
330,53,trip_053_0eca0953.jpg,2
331,53,trip_053_1f6f5aec.jpg,3
332,53,trip_053_41160085.jpg,4
333,53,trip_053_5a92f5b5.jpg,5
334,53,trip_053_75a952e8.png,6
335,53,trip_053_7b690499.jpg,7
336,53,trip_053_8e603cd3.jpg,8
337,53,trip_053_975f960e.jpg,9
338,53,trip_053_af212e7f.jpg,10
339,54,trip_054_17821f1b.jpg,1
340,54,trip_054_22bc7851.jpg,2
341,54,trip_054_3b7b7e16.jpg,3
342,54,trip_054_454a9459.jpg,4
343,54,trip_054_998e16ca.jpg,5
344,55,trip_055_02b7ffd3.jpg,1
345,55,trip_055_1390b73e.jpg,2
346,55,trip_055_23941433.jpg,3
347,55,trip_055_49df7cff.jpg,4
348,55,trip_055_80404482.jpg,5
349,55,trip_055_8cc90f22.jpg,6
350,55,trip_055_9c582cbd.jpg,7
351,55,trip_055_a04562d0.jpg,8
352,55,trip_055_e93160bf.jpg,9
353,55,trip_055_ecb86041.jpg,10
354,56,trip_056_4734f7ec.jpg,1
355,56,trip_056_485ce034.jpg,2
356,56,trip_056_4c18d236.jpg,3
357,56,trip_056_7a1ec535.jpg,4
358,56,trip_056_9d7cd2fa.jpg,5
359,56,trip_056_b86accf3.png,6
360,56,trip_056_cbcce89c.jpg,7
361,56,trip_056_dfdcbe79.jpg,8
362,56,trip_056_fd366b33.jpg,9
363,57,trip_057_1e39f331.jpg,1
364,57,trip_057_33bfa852.jpg,2
365,57,trip_057_3d064d5c.jpg,3
366,57,trip_057_46a28965.jpg,4
367,57,trip_057_c5b1373d.jpg,5
368,57,trip_057_d325cb5e.jpg,6
369,58,trip_058_a91e185d.jpg,1
370,58,trip_058_ae3e8e24.jpg,2
371,58,trip_058_e2a75888.jpg,3
372,58,trip_058_e3c2005d.jpg,4
373,58,trip_058_f26ce55f.jpg,5
374,59,trip_059_2422e5c2.jpg,1
375,59,trip_059_8a193e20.jpg,2
376,59,trip_059_c7c5533b.jpg,3
377,59,trip_059_d4c25d59.jpg,4
378,60,trip_060_075e3cba.jpg,1
379,60,trip_060_1f0d5c93.jpg,2
380,60,trip_060_451efa01.jpg,3
381,60,trip_060_67df0343.jpg,4
382,60,trip_060_9bd90e8b.jpg,5
383,60,trip_060_ad5d9a58.jpg,6
384,61,trip_061_1c149d09.jpg,1
385,61,trip_061_33f4cfae.jpg,2
386,61,trip_061_7a2aaca6.jpg,3
387,62,trip_062_1bb76b4e.jpg,1
388,62,trip_062_46f44dcd.jpg,2
389,62,trip_062_610adbc9.jpg,3
390,62,trip_062_67672512.jpg,4
391,62,trip_062_808d1595.jpg,5
392,62,trip_062_d81b7933.jpg,6
393,63,trip_063_4d2074a3.jpg,1
394,63,trip_063_53b5b2f2.png,2
395,63,trip_063_5f2786ff.jpg,3
396,63,trip_063_ade8a488.jpg,4
397,63,trip_063_d06dc3eb.jpg,5
398,63,trip_063_eee3dd37.jpg,6
399,63,trip_063_f6d392cd.jpg,7
400,64,trip_064_0c3781fe.jpg,1
401,64,trip_064_0f1198bb.png,2
402,64,trip_064_0ff6b39c.jpg,3
403,64,trip_064_126d8e5f.jpg,4
404,64,trip_064_341bf041.jpg,5
405,64,trip_064_3b9dd424.jpg,6
406,64,trip_064_3e61af1e.jpg,7
407,64,trip_064_413dce17.jpg,8
408,64,trip_064_5a968a34.jpg,9
409,64,trip_064_70756432.jpg,10
410,64,trip_064_723ba58f.jpg,11
411,64,trip_064_7c3d0a58.jpg,12
412,64,trip_064_a66cc86f.jpg,13
413,64,trip_064_b3b13cdf.jpg,14
414,64,trip_064_b3d16833.jpg,15
415,64,trip_064_cc6d13a6.jpg,16
416,64,trip_064_e173b09b.jpg,17
417,65,trip_065_284ea2e3.jpg,1
418,65,trip_065_6aff702e.jpg,2
419,65,trip_065_79d4d6c0.jpg,3
420,65,trip_065_9c477764.jpg,4
421,65,trip_065_a68639cd.png,5
422,65,trip_065_efb9801f.jpg,6
423,65,trip_065_f5bd021f.jpg,7
424,66,trip_066_11c783b7.jpg,1
425,66,trip_066_17699579.jpg,2
426,66,trip_066_2ade57c0.jpg,3
427,66,trip_066_7b0d8927.jpg,4
428,66,trip_066_83eebecb.jpg,5
429,66,trip_066_c310cbe8.jpg,6
430,66,trip_066_c8d0b156.jpg,7
431,67,trip_067_4a49bee9.jpg,1
432,67,trip_067_74a0a8df.png,2
433,67,trip_067_a0057ace.jpg,3
434,67,trip_067_b48d0d9c.jpg,4
435,67,trip_067_beb97289.jpg,5
436,67,trip_067_c1bcce94.jpg,6
437,67,trip_067_c7a4366c.jpg,7
438,67,trip_067_cafe4804.jpg,8
439,67,trip_067_cbc85636.jpg,9
440,67,trip_067_f57dbd60.jpg,10
441,68,trip_068_69aed4c2.jpg,1
442,68,trip_068_6eee5e5e.jpg,2
443,68,trip_068_71b35215.jpg,3
444,68,trip_068_71bcad3c.jpg,4
445,68,trip_068_9c682065.jpg,5
446,68,trip_068_9d27d14d.jpg,6
447,68,trip_068_b67f4552.jpg,7
448,68,trip_068_c3208135.jpg,8
449,69,trip_069_0647835d.jpg,1
450,69,trip_069_bf1c4e6c.jpg,2
451,69,trip_069_d51a274d.jpg,3
452,69,trip_069_d7ff542f.jpg,4
453,69,trip_069_dded3095.jpg,5
454,70,trip_070_00952008.jpg,1
455,70,trip_070_80c57bcb.jpg,2
456,70,trip_070_a55581a8.jpg,3
457,70,trip_070_b2620c67.jpg,4
458,70,trip_070_bc76810d.jpg,5
459,70,trip_070_eb8902b9.jpg,6
460,70,trip_070_ffa1f681.jpg,7
461,71,trip_071_09f8ceb1.jpg,1
462,71,trip_071_2318b2e7.jpg,2
463,71,trip_071_4be2cd17.jpg,3
464,71,trip_071_b074e96a.jpg,4
465,71,trip_071_b488a150.jpg,5
466,71,trip_071_bf85baa9.jpg,6
467,71,trip_071_cc39ccb9.jpg,7
468,71,trip_071_d5c76535.jpg,8
469,72,trip_072_0157a851.jpg,1
470,72,trip_072_48ef8daf.jpg,2
471,72,trip_072_540f440c.jpg,3
472,72,trip_072_a35e2175.jpg,4
473,72,trip_072_b3b5f2c9.jpg,5
474,72,trip_072_c29343a9.jpg,6
475,73,trip_073_2370d31a.jpg,1
476,73,trip_073_30bb82e2.jpg,2
477,73,trip_073_47109d30.jpg,3
478,73,trip_073_620a373a.jpg,4
479,73,trip_073_83f4b5b8.jpg,5
480,73,trip_073_88ccaa31.jpg,6
481,73,trip_073_aadb0e72.jpg,7
482,73,trip_073_bed43676.jpg,8
483,73,trip_073_c381a81e.jpg,9
484,74,trip_074_13883c2a.jpg,1
485,74,trip_074_1e6eb588.jpg,2
486,74,trip_074_2363c92b.jpg,3
487,74,trip_074_9b101951.jpg,4
488,74,trip_074_a43d316d.jpg,5
489,74,trip_074_c59a48d2.jpg,6
490,74,trip_074_dd8bfd68.jpg,7
491,74,trip_074_f09bd71c.jpg,8
492,74,trip_074_f5b1d0ed.jpg,9
493,75,trip_075_2b01293a.png,1
494,75,trip_075_36cc40fa.png,2
495,75,trip_075_3fa20e4a.jpg,3
496,75,trip_075_47790625.png,4
497,75,trip_075_63a984fd.png,5
498,75,trip_075_8aad41da.png,6
499,75,trip_075_a12e045a.png,7
500,75,trip_075_a4cc352a.jpg,8
501,75,trip_075_aaef814e.png,9
502,75,trip_075_ac6f2689.jpg,10
503,76,trip_076_0d558c83.png,1
504,76,trip_076_0ea4a71f.png,2
505,76,trip_076_3eaaa562.png,3
506,76,trip_076_52568d7b.png,4
507,76,trip_076_6758ca60.png,5
508,76,trip_076_749fff4c.png,6
509,76,trip_076_7a768b9d.png,7
510,76,trip_076_b4ac33e5.png,8
511,76,trip_076_d2872ec5.png,9
512,77,trip_077_069f2180.jpg,1
513,77,trip_077_1c20a81b.jpg,2
514,77,trip_077_37a0a94c.jpg,3
515,77,trip_077_3e67445c.jpg,4
516,77,trip_077_45c4e666.jpg,5
517,77,trip_077_5457366d.jpg,6
518,77,trip_077_67c545b4.jpg,7
519,77,trip_077_72a202b4.jpg,8
520,77,trip_077_a61cce83.jpg,9
521,77,trip_077_bda32f8b.jpg,10
522,77,trip_077_c2837628.jpg,11
523,77,trip_077_eb1db92e.jpg,12
524,77,trip_077_fd5fd15a.jpg,13
525,79,trip_079_2d608f8b.jpg,1
526,79,trip_079_63b85173.jpg,2
527,79,trip_079_8c037667.jpg,3
528,79,trip_079_b49e7886.png,4
529,79,trip_079_e7b6121a.jpg,5
530,79,trip_079_f2f75879.jpg,6
531,80,trip_080_35b0377b.jpg,1
532,80,trip_080_794feb90.jpg,2
533,80,trip_080_9f5570b2.jpg,3
534,80,trip_080_adb7ea47.jpg,4
535,80,trip_080_c1dad455.jpg,5
536,80,trip_080_f1db02d7.jpg,6
537,81,trip_081_22b36656.jpg,1
538,81,trip_081_27efb7fc.png,2
539,81,trip_081_5bf1f921.jpg,3
540,81,trip_081_8cf64478.png,4
541,81,trip_081_c63e6d93.jpg,5
542,81,trip_081_e52d6e14.jpg,6
543,81,trip_081_ec0e511d.jpg,7
544,81,trip_081_fc8c245d.jpg,8
545,82,trip_082_2e4babf6.png,1
546,82,trip_082_3d83ea4b.png,2
547,82,trip_082_5dd24e0a.jpg,3
548,82,trip_082_6ee5f76b.jpg,4
549,82,trip_082_73a5d41c.jpg,5
550,82,trip_082_a0f90352.jpg,6
551,82,trip_082_a33612d3.jpg,7
552,82,trip_082_d7fb8ba8.jpg,8
553,83,trip_083_147f0cbb.jpg,1
554,83,trip_083_1b400577.jpg,2
555,83,trip_083_56f52bd3.jpg,3
556,83,trip_083_74bc6176.jpg,4
557,83,trip_083_8a0f4d71.jpg,5
558,83,trip_083_91b3d7b6.png,6
559,83,trip_083_d156a404.jpg,7
560,83,trip_083_f4f3af1e.jpg,8
561,84,trip_084_36cba010.jpg,1
562,84,trip_084_3f5a666a.jpg,2
563,84,trip_084_459573b7.jpg,3
564,84,trip_084_46cbe5ef.jpg,4
565,84,trip_084_511b0103.jpg,5
566,84,trip_084_6bd842cd.jpg,6
567,84,trip_084_a4dd38b1.jpg,7
568,84,trip_084_afa88c8e.jpg,8
569,84,trip_084_de3e4124.jpg,9
570,84,trip_084_e55db767.jpg,10
571,85,trip_085_00dc9d63.jpg,1
572,85,trip_085_010724ce.jpg,2
573,85,trip_085_10a6e286.jpg,3
574,85,trip_085_c5474e5d.jpg,4
575,85,trip_085_d916b979.jpg,5
576,85,trip_085_f71d9aee.jpg,6
577,85,trip_085_fc63e653.jpg,7
578,86,trip_086_1be2b835.jpg,1
579,86,trip_086_1e5a5c5d.jpg,2
580,86,trip_086_23a2829b.jpg,3
581,86,trip_086_4be9bff2.jpg,4
582,86,trip_086_6dd8cfbc.jpg,5
583,86,trip_086_ad8be85e.jpg,6
584,86,trip_086_c2eb8382.jpg,7
585,86,trip_086_d49aee8e.jpg,8
586,87,trip_087_01b2c43c.jpg,1
587,87,trip_087_24b9281d.png,2
588,87,trip_087_3c98391f.png,3
589,87,trip_087_3cc7d9ca.jpg,4
590,87,trip_087_a9aca693.jpg,5
591,87,trip_087_bc4143c9.png,6
592,87,trip_087_cd4484ec.png,7
593,88,trip_088_13fe4ed3.jpg,1
594,88,trip_088_352e4052.jpg,2
595,88,trip_088_6ab26836.jpg,3
596,88,trip_088_6cd036af.jpg,4
597,88,trip_088_886c9251.jpg,5
598,88,trip_088_d3aeb620.png,6
599,88,trip_088_dd09e0cb.jpg,7
600,88,trip_088_e55fd245.jpg,8
601,89,trip_089_21d318f5.jpg,1
602,89,trip_089_29e0c92d.jpg,2
603,89,trip_089_2a23aa61.jpg,3
604,89,trip_089_a2dce4f7.jpg,4
605,89,trip_089_bb2d01c3.jpg,5
606,89,trip_089_c358afb8.jpg,6
607,89,trip_089_c9f375f7.jpg,7
608,90,trip_090_095b2567.jpg,1
609,90,trip_090_291e4004.jpg,2
610,90,trip_090_87477c5b.jpg,3
611,90,trip_090_b1ed7cef.jpg,4
612,90,trip_090_b7985f42.jpg,5
613,90,trip_090_ca9dc75f.jpg,6
614,90,trip_090_fb6e4838.jpg,7
615,91,trip_091_305a10dd.jpg,1
616,91,trip_091_564ec443.jpg,2
617,91,trip_091_a87714b1.jpg,3
618,91,trip_091_b1b9fb4d.jpg,4
619,91,trip_091_c6d63e5a.jpg,5
620,91,trip_091_d35bfb85.jpg,6
621,92,trip_092_05d69026.jpg,1
622,92,trip_092_100278da.jpg,2
623,92,trip_092_5074d5a8.jpg,3
624,92,trip_092_73a8a8e9.jpg,4
625,92,trip_092_99b7b6ec.jpg,5
626,92,trip_092_e6810c04.jpg,6
627,93,trip_093_17f050de.jpg,1
628,93,trip_093_73769040.jpg,2
629,93,trip_093_d0c6d04a.jpg,3
630,93,trip_093_d693aae5.jpg,4
631,93,trip_093_e3268de3.jpg,5
632,94,trip_094_29b14531.png,1
633,95,trip_095_2be35a4f.png,1
634,95,trip_095_2d66967d.jpg,2
635,95,trip_095_2fb20c7c.jpg,3
636,95,trip_095_319833cc.jpg,4
637,95,trip_095_4b813bbb.jpg,5
638,95,trip_095_768abdec.jpg,6
639,95,trip_095_7bf1c1d7.png,7
640,95,trip_095_84360e11.jpg,8
641,95,trip_095_a0abc7d1.png,9
642,95,trip_095_d1852db4.png,10
643,96,trip_096_3ed54aaa.jpg,1
644,96,trip_096_ca8b886d.jpg,2
645,96,trip_096_cec23b37.jpg,3
646,97,trip_097_1797cbb4.jpg,1
647,97,trip_097_22368692.jpg,2
648,97,trip_097_5b3552ae.jpg,3
649,97,trip_097_70ab3983.jpg,4
650,97,trip_097_8be5747d.png,5
651,97,trip_097_9b7fb56b.png,6
652,97,trip_097_af923863.jpg,7
653,97,trip_097_c03f30db.jpg,8
654,97,trip_097_f90c068b.jpg,9
655,98,trip_098_222d5c27.jpg,1
656,98,trip_098_29dabdae.jpg,2
657,98,trip_098_6f070725.jpg,3
658,98,trip_098_b0c5f2cf.jpg,4
659,98,trip_098_cee8b1c8.jpg,5
660,99,trip_099_108acccc.jpg,1
661,99,trip_099_7de41f2f.jpg,2
662,99,trip_099_9da429ac.jpg,3
663,99,trip_099_9e1a07c3.jpg,4
664,99,trip_099_ab4e5517.jpg,5
665,99,trip_099_b7097699.jpg,6
666,99,trip_099_be843199.jpg,7
667,99,trip_099_bfb72209.jpg,8
668,99,trip_099_c31414b9.jpg,9
669,99,trip_099_e3613feb.jpg,10
670,100,trip_100_17d1f01e.png,1
671,100,trip_100_61c5cba6.png,2
672,100,trip_100_9daeeef3.png,3
673,100,trip_100_cb681544.png,4
674,100,trip_100_db9ef1bf.png,5
675,100,trip_100_e7ba6101.png,6
676,100,trip_100_ee3e0f8a.png,7
677,101,trip_101_111ee636.jpg,1
678,101,trip_101_45ec79b5.jpg,2
679,101,trip_101_825a94bd.jpg,3
680,101,trip_101_97871e31.jpg,4
681,101,trip_101_e188d0fd.jpg,5
682,101,trip_101_f052f404.jpg,6
683,101,trip_101_feb2bcb3.jpg,7
684,102,trip_102_0a076076.jpg,1
685,102,trip_102_31308d30.jpg,2
686,102,trip_102_4705e5bb.jpg,3
687,102,trip_102_5076f262.jpg,4
688,102,trip_102_949e6f77.jpg,5
689,102,trip_102_bc2dfeea.jpg,6
690,102,trip_102_c99bbf94.jpg,7
691,102,trip_102_d505a947.jpg,8
692,103,trip_103_0bbdfec9.png,1
693,103,trip_103_34639dab.jpg,2
694,103,trip_103_9caf37a9.jpg,3
695,103,trip_103_a5af5afd.jpg,4
696,103,trip_103_ac0987ef.jpg,5
697,103,trip_103_bbccca10.jpg,6
698,103,trip_103_dd0ae7fb.jpg,7
699,103,trip_103_dfecd6ec.jpg,8
700,103,trip_104_76e3bf17.jpg,8
701,104,trip_104_8ac3c172.jpg,1
702,104,trip_104_b9f9542a.jpg,2
703,104,trip_105_1dc4a308.jpg,3
704,105,trip_105_6efbcc6b.jpg,1
705,105,trip_105_afd09bb7.jpg,2
706,105,trip_105_cfc2d0fd.jpg,3
707,105,trip_105_e0dde5cf.jpg,4
708,105,trip_106_6cbd7e08.png,5
709,106,trip_106_95c15b39.png,1
710,106,trip_106_b38e698c.png,2
711,106,trip_106_d250ed4c.png,3
712,106,trip_106_e4bba7dd.png,4
